code_q4a_19,frequence
9.0,1
11.0,1
13.0,1
34.0,2
51.0,1
110.0,76
111.0,1
131.0,1
133.0,1
210.0,20
211.0,1
220.0,1
241.0,1
310.0,20
311.0,1
343.0,1
419.0,1
522.0,2
523.0,3
611.0,1
741.0,6
911.0,1
913.0,1
921.0,2
931.0,1
1012.0,1
1110.0,15
1120.0,25
1130.0,24
1141.0,1
1142.0,4
1143.0,2
1210.0,42
1222.0,1
1223.0,2
1224.0,2
1231.0,7
1232.0,1
1233.0,2
1236.0,1
1311.0,10
1312.0,6
1313.0,10
1314.0,25
1315.0,22
1316.0,19
1317.0,13
1318.0,2
1319.0,7
1326.0,1
1410.0,1
1613.0,1
1924.0,1
2111.0,2
2112.0,1
2113.0,1
2121.0,2
2122.0,1
2131.0,9
2132.0,5
2139.0,3
2141.0,1
2142.0,2
2143.0,3
2144.0,4
2148.0,7
2149.0,4
2211.0,3
2212.0,1
2213.0,4
2221.0,38
2222.0,4
2223.0,3
2224.0,4
2229.0,14
2230.0,47
2310.0,17
2311.0,2
2320.0,296
2321.0,1
2322.0,2
2331.0,362
2332.0,30
2351.0,16
2352.0,3
2353.0,1
2359.0,13
2411.0,19
2412.0,3
2419.0,22
2421.0,3
2422.0,2
2429.0,2
2431.0,1
2441.0,1
2442.0,1
2444.0,2
2448.0,4
2451.0,2
2452.0,1
2453.0,2
2454.0,3
2456.0,1
2460.0,24
2732.0,1
3111.0,4
3112.0,1
3113.0,8
3115.0,1
3116.0,2
3117.0,2
3119.0,1
3121.0,1
3122.0,3
3131.0,3
3132.0,7
3139.0,3
3141.0,5
3145.0,1
3152.0,12
3211.0,8
3212.0,6
3221.0,9
3222.0,1
3223.0,1
3225.0,1
3226.0,16
3228.0,2
3229.0,4
3231.0,13
3232.0,15
3241.0,16
3242.0,5
3259.0,1
3310.0,95
3311.0,1
3320.0,8
3321.0,2
3340.0,38
3411.0,1
3413.0,3
3415.0,10
3416.0,7
3419.0,26
3421.0,20
3422.0,1
3429.0,20
3430.0,2
3431.0,23
3432.0,4
3433.0,38
3434.0,2
3439.0,6
3440.0,1
3441.0,2
3442.0,2
3443.0,1
3449.0,1
3450.0,8
3460.0,27
3472.0,4
3473.0,9
3475.0,4
3480.0,24
3492.0,1
4111.0,3
4112.0,10
4113.0,29
4114.0,1
4115.0,61
4121.0,26
4122.0,33
4131.0,34
4132.0,4
4133.0,5
4142.0,3
4143.0,1
4145.0,1
4190.0,79
4211.0,38
4212.0,24
4213.0,1
4215.0,8
4221.0,4
4222.0,52
4223.0,7
4321.0,1
4713.0,1
4721.0,1
4773.0,1
4780.0,2
5023.0,1
5111.0,9
5112.0,14
5113.0,3
5121.0,3
5122.0,86
5123.0,65
5124.0,7
5130.0,6
5131.0,5
5132.0,4
5133.0,1
5139.0,15
5141.0,55
5142.0,5
5143.0,1
5149.0,84
5161.0,1
5162.0,22
5163.0,14
5169.0,129
5210.0,11
5211.0,2
5212.0,1
5220.0,752
5222.0,6
5223.0,1
5229.0,1
5230.0,1736
5231.0,2
5233.0,4
5234.0,1
5239.0,1
5249.0,1
5320.0,1
5321.0,1
5330.0,1
5741.0,1
6011.0,2
6012.0,1
6110.0,26
6111.0,1005
6112.0,162
6113.0,27
6114.0,100
6120.0,9
6121.0,279
6122.0,14
6124.0,52
6129.0,82
6130.0,72
6131.0,1
6141.0,45
6142.0,137
6151.0,24
6152.0,262
6153.0,144
6154.0,25
6162.0,3
6210.0,3922
6211.0,68
6212.0,6
6219.0,2
6220.0,1
6221.0,2
6224.0,1
6230.0,2
6242.0,1
6253.0,1
6310.0,1
6419.0,1
7013.0,4
7100.0,1
7111.0,805
7112.0,1
7113.0,95
7121.0,8
7122.0,437
7123.0,11
7124.0,29
7128.0,17
7129.0,2
7130.0,2
7131.0,1
7132.0,7
7133.0,1
7135.0,1
7136.0,10
7137.0,12
7139.0,1
7141.0,17
7142.0,2
7143.0,1
7211.0,25
7212.0,55
7213.0,2
7214.0,11
7221.0,37
7222.0,3
7223.0,1
7224.0,2
7231.0,114
7232.0,5
7233.0,2
7234.0,21
7241.0,19
7242.0,7
7243.0,26
7244.0,12
7245.0,5
7311.0,15
7312.0,2
7313.0,7
7324.0,1
7331.0,40
7332.0,17
7343.0,10
7344.0,1
7345.0,1
7346.0,5
7410.0,10
7411.0,133
7412.0,371
7413.0,31
7414.0,39
7415.0,118
7416.0,5
7417.0,1
7420.0,3
7421.0,77
7422.0,67
7423.0,1
7424.0,282
7431.0,67
7432.0,72
7433.0,182
7434.0,3
7435.0,12
7436.0,18
7437.0,31
7441.0,6
7442.0,32
7444.0,1
7446.0,1
7447.0,1
7515.0,1
7740.0,1
8032.0,1
8041.0,1
8112.0,1
8113.0,1
8124.0,1
8141.0,4
8142.0,1
8159.0,1
8161.0,4
8163.0,2
8211.0,1
8229.0,2
8231.0,1
8232.0,4
8240.0,5
8259.0,1
8261.0,33
8262.0,16
8263.0,4
8264.0,1
8265.0,2
8269.0,52
8270.0,1
8272.0,1
8273.0,19
8274.0,8
8275.0,2
8277.0,1
8281.0,3
8282.0,1
8283.0,1
8284.0,2
8285.0,1
8286.0,6
8290.0,7
8311.0,9
8321.0,137
8322.0,240
8323.0,55
8324.0,59
8329.0,1
8331.0,4
8332.0,5
8333.0,7
8334.0,6
8340.0,8
8342.0,1
8513.0,1
9110.0,2
9111.0,154
9112.0,237
9113.0,57
9114.0,67
9115.0,192
9119.0,1
9120.0,15
9121.0,2
9123.0,1
9124.0,1
9131.0,754
9132.0,72
9133.0,489
9141.0,12
9142.0,14
9150.0,1
9151.0,147
9152.0,353
9153.0,3
9154.0,47
9161.0,20
9162.0,26
9163.0,44
9210.0,21
9211.0,3918
9212.0,26
9213.0,108
9214.0,1
9220.0,2
9221.0,8
9222.0,1
9231.0,2
9310.0,1
9311.0,108
9312.0,35
9313.0,223
9321.0,15
9322.0,49
9331.0,216
9332.0,44
9333.0,269
9340.0,1
9421.0,1
9511.0,2
9524.0,1
9601.0,2
9700.0,1
